SQL> SELECT ename,dname FROM employee emp,dept d
  2  	WHERE emp.deptno=d.deptno;

ENAME      DNAME                                                                                                                                                                                                                                                                                            
---------- --------------                                                                                                                                                                                                                                                                                   
clark      ACCOUNTING                                                                                                                                                                                                                                                                                       
blake      ACCOUNTING                                                                                                                                                                                                                                                                                       
king       ACCOUNTING                                                                                                                                                                                                                                                                                       
scott      RESEARCH                                                                                                                                                                                                                                                                                         
jones      RESEARCH                                                                                                                                                                                                                                                                                         
martin     SALES                                                                                                                                                                                                                                                                                            
ward       SALES                                                                                                                                                                                                                                                                                            
allen      SALES                                                                                                                                                                                                                                                                                            

8 rows selected.

SQL>       SELECT  s.staff_name,s.staff_sal,sl.grade
  2        FROM staff_master s,salgrade sl
  3        WHERE staff_sal BETWEEN sl.losal and sl.hisal
  4  ;
      FROM staff_master s,salgrade sl
           *
ERROR at line 2:
ORA-00942: table or view does not exist 


SQL> ed
Wrote file afiedt.buf

  1        SELECT  s.staff_name,s.staff_sal,sl.grade
  2        FROM staff_masters s,salgrade sl
  3*       WHERE staff_sal BETWEEN sl.losal and sl.hisal
  4  /

STAFF_NAME                                          STAFF_SAL GRADE                                                                                                                                                                                                                                         
-------------------------------------------------- ---------- -----                                                                                                                                                                                                                                         
Sita                                                     3322 C                                                                                                                                                                                                                                             

SQL> sELECT empno,ename,mgr FROM employee;

     EMPNO ENAME             MGR                                                                                                                                                                                                                                                                            
---------- ---------- ----------                                                                                                                                                                                                                                                                            
      7839 king                                                                                                                                                                                                                                                                                             
      7698 blake            7839                                                                                                                                                                                                                                                                            
      7782 clark            7839                                                                                                                                                                                                                                                                            
      7499 allen            7698                                                                                                                                                                                                                                                                            
      7521 ward             7698                                                                                                                                                                                                                                                                            
      7566 jones            7839                                                                                                                                                                                                                                                                            
      7654 martin           7698                                                                                                                                                                                                                                                                            
      7788 scott            7566                                                                                                                                                                                                                                                                            

8 rows selected.

SQL> SELECT emp.ename,m.ename FROM employee emp,employee m
  2  	WHERE emp.mgr=m.empno;

ENAME      ENAME                                                                                                                                                                                                                                                                                            
---------- ----------                                                                                                                                                                                                                                                                                       
scott      jones                                                                                                                                                                                                                                                                                            
ward       blake                                                                                                                                                                                                                                                                                            
martin     blake                                                                                                                                                                                                                                                                                            
allen      blake                                                                                                                                                                                                                                                                                            
blake      king                                                                                                                                                                                                                                                                                             
jones      king                                                                                                                                                                                                                                                                                             
clark      king                                                                                                                                                                                                                                                                                             

7 rows selected.

SQL> SELECT emp.ename "Emp Name",m.ename "MGR Name" FROM employee emp,employee m
  2  	WHERE emp.mgr=m.empno;

Emp Name   MGR Name                                                                                                                                                                                                                                                                                         
---------- ----------                                                                                                                                                                                                                                                                                       
scott      jones                                                                                                                                                                                                                                                                                            
ward       blake                                                                                                                                                                                                                                                                                            
martin     blake                                                                                                                                                                                                                                                                                            
allen      blake                                                                                                                                                                                                                                                                                            
blake      king                                                                                                                                                                                                                                                                                             
jones      king                                                                                                                                                                                                                                                                                             
clark      king                                                                                                                                                                                                                                                                                             

7 rows selected.

SQL> SELECT ename,dname FROM employee emp,dept d
  2  	WHERE emp.deptno=d.deptno;

ENAME      DNAME                                                                                                                                                                                                                                                                                            
---------- --------------                                                                                                                                                                                                                                                                                   
clark      ACCOUNTING                                                                                                                                                                                                                                                                                       
blake      ACCOUNTING                                                                                                                                                                                                                                                                                       
king       ACCOUNTING                                                                                                                                                                                                                                                                                       
scott      RESEARCH                                                                                                                                                                                                                                                                                         
jones      RESEARCH                                                                                                                                                                                                                                                                                         
martin     SALES                                                                                                                                                                                                                                                                                            
ward       SALES                                                                                                                                                                                                                                                                                            
allen      SALES                                                                                                                                                                                                                                                                                            

8 rows selected.

SQL> SELECT ename,dname FROM employee emp,dept d
  2  	WHERE emp.deptno=d.deptno(+);

ENAME      DNAME                                                                                                                                                                                                                                                                                            
---------- --------------                                                                                                                                                                                                                                                                                   
clark      ACCOUNTING                                                                                                                                                                                                                                                                                       
blake      ACCOUNTING                                                                                                                                                                                                                                                                                       
king       ACCOUNTING                                                                                                                                                                                                                                                                                       
scott      RESEARCH                                                                                                                                                                                                                                                                                         
jones      RESEARCH                                                                                                                                                                                                                                                                                         
martin     SALES                                                                                                                                                                                                                                                                                            
ward       SALES                                                                                                                                                                                                                                                                                            
allen      SALES                                                                                                                                                                                                                                                                                            

8 rows selected.

SQL> SELECT ename,dname FROM employee emp,dept d
  2  	WHERE emp.deptno(+)=d.deptno;

ENAME      DNAME                                                                                                                                                                                                                                                                                            
---------- --------------                                                                                                                                                                                                                                                                                   
king       ACCOUNTING                                                                                                                                                                                                                                                                                       
blake      ACCOUNTING                                                                                                                                                                                                                                                                                       
clark      ACCOUNTING                                                                                                                                                                                                                                                                                       
allen      SALES                                                                                                                                                                                                                                                                                            
ward       SALES                                                                                                                                                                                                                                                                                            
jones      RESEARCH                                                                                                                                                                                                                                                                                         
martin     SALES                                                                                                                                                                                                                                                                                            
scott      RESEARCH                                                                                                                                                                                                                                                                                         
           s                                                                                                                                                                                                                                                                                                
           ee                                                                                                                                                                                                                                                                                               
           HR                                                                                                                                                                                                                                                                                               

ENAME      DNAME                                                                                                                                                                                                                                                                                            
---------- --------------                                                                                                                                                                                                                                                                                   
           sdf                                                                                                                                                                                                                                                                                              
           OPERATIONS                                                                                                                                                                                                                                                                                       
           gh                                                                                                                                                                                                                                                                                               
           Test                                                                                                                                                                                                                                                                                             
           nb                                                                                                                                                                                                                                                                                               

16 rows selected.

SQL> SELECT ename,dname FROM employee emp,dept d
  2  	WHERE emp.deptno(+)=d.deptno;

ENAME      DNAME                                                                                                                                                                                                                                                                                            
---------- --------------                                                                                                                                                                                                                                                                                   
king       ACCOUNTING                                                                                                                                                                                                                                                                                       
blake      ACCOUNTING                                                                                                                                                                                                                                                                                       
clark      ACCOUNTING                                                                                                                                                                                                                                                                                       
allen      SALES                                                                                                                                                                                                                                                                                            
ward       SALES                                                                                                                                                                                                                                                                                            
jones      RESEARCH                                                                                                                                                                                                                                                                                         
martin     SALES                                                                                                                                                                                                                                                                                            
scott      RESEARCH                                                                                                                                                                                                                                                                                         
           s                                                                                                                                                                                                                                                                                                
           ee                                                                                                                                                                                                                                                                                               
           HR                                                                                                                                                                                                                                                                                               

ENAME      DNAME                                                                                                                                                                                                                                                                                            
---------- --------------                                                                                                                                                                                                                                                                                   
           sdf                                                                                                                                                                                                                                                                                              
           OPERATIONS                                                                                                                                                                                                                                                                                       
           gh                                                                                                                                                                                                                                                                                               
           Test                                                                                                                                                                                                                                                                                             
           nb                                                                                                                                                                                                                                                                                               

16 rows selected.

SQL> SELECT ename,dname FROM employee emp,dept d
  2  	WHERE emp.deptno=d.deptno(+);

ENAME      DNAME                                                                                                                                                                                                                                                                                            
---------- --------------                                                                                                                                                                                                                                                                                   
clark      ACCOUNTING                                                                                                                                                                                                                                                                                       
blake      ACCOUNTING                                                                                                                                                                                                                                                                                       
king       ACCOUNTING                                                                                                                                                                                                                                                                                       
scott      RESEARCH                                                                                                                                                                                                                                                                                         
jones      RESEARCH                                                                                                                                                                                                                                                                                         
martin     SALES                                                                                                                                                                                                                                                                                            
ward       SALES                                                                                                                                                                                                                                                                                            
allen      SALES                                                                                                                                                                                                                                                                                            

8 rows selected.

SQL> INSERT insert into employee(empno,ename,job,mgr,hiredate,sal,comm) values (7850,'Test','president',7839,'17-nov-81',5000,120);
INSERT insert into employee(empno,ename,job,mgr,hiredate,sal,comm) values (7850,'Test','president',7839,'17-nov-81',5000,120)
       *
ERROR at line 1:
ORA-00925: missing INTO keyword 


SQL> insert into employee(empno,ename,job,mgr,hiredate,sal,comm) values (7850,'Test','president',7839,'17-nov-81',5000,120);

1 row created.

SQL> commit;

Commit complete.

SQL> SELECT ename,dname FROM employee emp,dept d
  2  	WHERE emp.deptno=d.deptno(+);

ENAME      DNAME                                                                                                                                                                                                                                                                                            
---------- --------------                                                                                                                                                                                                                                                                                   
clark      ACCOUNTING                                                                                                                                                                                                                                                                                       
blake      ACCOUNTING                                                                                                                                                                                                                                                                                       
king       ACCOUNTING                                                                                                                                                                                                                                                                                       
scott      RESEARCH                                                                                                                                                                                                                                                                                         
jones      RESEARCH                                                                                                                                                                                                                                                                                         
martin     SALES                                                                                                                                                                                                                                                                                            
ward       SALES                                                                                                                                                                                                                                                                                            
allen      SALES                                                                                                                                                                                                                                                                                            
Test                                                                                                                                                                                                                                                                                                        

9 rows selected.

SQL> SELECT ename,dname FROM employee emp,dept d
  2  	WHERE emp.deptno=d.deptno(+);

ENAME      DNAME                                                                                                                                                                                                                                                                                            
---------- --------------                                                                                                                                                                                                                                                                                   
clark      ACCOUNTING                                                                                                                                                                                                                                                                                       
blake      ACCOUNTING                                                                                                                                                                                                                                                                                       
king       ACCOUNTING                                                                                                                                                                                                                                                                                       
scott      RESEARCH                                                                                                                                                                                                                                                                                         
jones      RESEARCH                                                                                                                                                                                                                                                                                         
martin     SALES                                                                                                                                                                                                                                                                                            
ward       SALES                                                                                                                                                                                                                                                                                            
allen      SALES                                                                                                                                                                                                                                                                                            
Test                                                                                                                                                                                                                                                                                                        

9 rows selected.

SQL> SELECT ename,dname FROM employee emp LEFT OUTER JOIN dept d
  2  	WHERE emp.deptno=d.deptno;
	WHERE emp.deptno=d.deptno
	*
ERROR at line 2:
ORA-00905: missing keyword 


SQL> SELECT ename,dname FROM employee emp LEFT OUTER JOIN dept d
  2  	ON emp.deptno=d.deptno;

ENAME      DNAME                                                                                                                                                                                                                                                                                            
---------- --------------                                                                                                                                                                                                                                                                                   
clark      ACCOUNTING                                                                                                                                                                                                                                                                                       
blake      ACCOUNTING                                                                                                                                                                                                                                                                                       
king       ACCOUNTING                                                                                                                                                                                                                                                                                       
scott      RESEARCH                                                                                                                                                                                                                                                                                         
jones      RESEARCH                                                                                                                                                                                                                                                                                         
martin     SALES                                                                                                                                                                                                                                                                                            
ward       SALES                                                                                                                                                                                                                                                                                            
allen      SALES                                                                                                                                                                                                                                                                                            
Test                                                                                                                                                                                                                                                                                                        

9 rows selected.

SQL> SELECT ename,dname FROM employee emp LEFT OUTER JOIN dept d
  2  	ON emp.deptno=d.deptno(+);

ENAME      DNAME                                                                                                                                                                                                                                                                                            
---------- --------------                                                                                                                                                                                                                                                                                   
clark      ACCOUNTING                                                                                                                                                                                                                                                                                       
blake      ACCOUNTING                                                                                                                                                                                                                                                                                       
king       ACCOUNTING                                                                                                                                                                                                                                                                                       
scott      RESEARCH                                                                                                                                                                                                                                                                                         
jones      RESEARCH                                                                                                                                                                                                                                                                                         
martin     SALES                                                                                                                                                                                                                                                                                            
ward       SALES                                                                                                                                                                                                                                                                                            
allen      SALES                                                                                                                                                                                                                                                                                            
Test                                                                                                                                                                                                                                                                                                        

9 rows selected.

SQL> SELECT ename,dname FROM employee emp, dept d
  2  	WHERE emp.deptno=d.deptno(+);

ENAME      DNAME                                                                                                                                                                                                                                                                                            
---------- --------------                                                                                                                                                                                                                                                                                   
clark      ACCOUNTING                                                                                                                                                                                                                                                                                       
blake      ACCOUNTING                                                                                                                                                                                                                                                                                       
king       ACCOUNTING                                                                                                                                                                                                                                                                                       
scott      RESEARCH                                                                                                                                                                                                                                                                                         
jones      RESEARCH                                                                                                                                                                                                                                                                                         
martin     SALES                                                                                                                                                                                                                                                                                            
ward       SALES                                                                                                                                                                                                                                                                                            
allen      SALES                                                                                                                                                                                                                                                                                            
Test                                                                                                                                                                                                                                                                                                        

9 rows selected.

SQL> SELECT ename,dname FROM employee emp LEFT OUTER JOIN dept d
  2  	ON emp.deptno=d.deptno;

ENAME      DNAME                                                                                                                                                                                                                                                                                            
---------- --------------                                                                                                                                                                                                                                                                                   
clark      ACCOUNTING                                                                                                                                                                                                                                                                                       
blake      ACCOUNTING                                                                                                                                                                                                                                                                                       
king       ACCOUNTING                                                                                                                                                                                                                                                                                       
scott      RESEARCH                                                                                                                                                                                                                                                                                         
jones      RESEARCH                                                                                                                                                                                                                                                                                         
martin     SALES                                                                                                                                                                                                                                                                                            
ward       SALES                                                                                                                                                                                                                                                                                            
allen      SALES                                                                                                                                                                                                                                                                                            
Test                                                                                                                                                                                                                                                                                                        

9 rows selected.

SQL> SELECT ename,dname FROM employee emp, dept d
  2  	WHERE emp.deptno(+)=d.deptno;

ENAME      DNAME                                                                                                                                                                                                                                                                                            
---------- --------------                                                                                                                                                                                                                                                                                   
king       ACCOUNTING                                                                                                                                                                                                                                                                                       
blake      ACCOUNTING                                                                                                                                                                                                                                                                                       
clark      ACCOUNTING                                                                                                                                                                                                                                                                                       
allen      SALES                                                                                                                                                                                                                                                                                            
ward       SALES                                                                                                                                                                                                                                                                                            
jones      RESEARCH                                                                                                                                                                                                                                                                                         
martin     SALES                                                                                                                                                                                                                                                                                            
scott      RESEARCH                                                                                                                                                                                                                                                                                         
           s                                                                                                                                                                                                                                                                                                
           ee                                                                                                                                                                                                                                                                                               
           HR                                                                                                                                                                                                                                                                                               

ENAME      DNAME                                                                                                                                                                                                                                                                                            
---------- --------------                                                                                                                                                                                                                                                                                   
           sdf                                                                                                                                                                                                                                                                                              
           OPERATIONS                                                                                                                                                                                                                                                                                       
           gh                                                                                                                                                                                                                                                                                               
           Test                                                                                                                                                                                                                                                                                             
           nb                                                                                                                                                                                                                                                                                               

16 rows selected.

SQL> SELECT ename,dname FROM employee emp RIGHT OUTER JOIN dept d
  2  	ON emp.deptno=d.deptno;

ENAME      DNAME                                                                                                                                                                                                                                                                                            
---------- --------------                                                                                                                                                                                                                                                                                   
king       ACCOUNTING                                                                                                                                                                                                                                                                                       
blake      ACCOUNTING                                                                                                                                                                                                                                                                                       
clark      ACCOUNTING                                                                                                                                                                                                                                                                                       
allen      SALES                                                                                                                                                                                                                                                                                            
ward       SALES                                                                                                                                                                                                                                                                                            
jones      RESEARCH                                                                                                                                                                                                                                                                                         
martin     SALES                                                                                                                                                                                                                                                                                            
scott      RESEARCH                                                                                                                                                                                                                                                                                         
           s                                                                                                                                                                                                                                                                                                
           ee                                                                                                                                                                                                                                                                                               
           HR                                                                                                                                                                                                                                                                                               

ENAME      DNAME                                                                                                                                                                                                                                                                                            
---------- --------------                                                                                                                                                                                                                                                                                   
           sdf                                                                                                                                                                                                                                                                                              
           OPERATIONS                                                                                                                                                                                                                                                                                       
           gh                                                                                                                                                                                                                                                                                               
           Test                                                                                                                                                                                                                                                                                             
           nb                                                                                                                                                                                                                                                                                               

16 rows selected.

SQL> SELECT ename,dname FROM employee emp FULL OUTER JOIN dept d
  2  	ON emp.deptno=d.deptno;

ENAME      DNAME                                                                                                                                                                                                                                                                                            
---------- --------------                                                                                                                                                                                                                                                                                   
           Test                                                                                                                                                                                                                                                                                             
           HR                                                                                                                                                                                                                                                                                               
           nb                                                                                                                                                                                                                                                                                               
           gh                                                                                                                                                                                                                                                                                               
clark      ACCOUNTING                                                                                                                                                                                                                                                                                       
blake      ACCOUNTING                                                                                                                                                                                                                                                                                       
king       ACCOUNTING                                                                                                                                                                                                                                                                                       
scott      RESEARCH                                                                                                                                                                                                                                                                                         
jones      RESEARCH                                                                                                                                                                                                                                                                                         
martin     SALES                                                                                                                                                                                                                                                                                            
ward       SALES                                                                                                                                                                                                                                                                                            

ENAME      DNAME                                                                                                                                                                                                                                                                                            
---------- --------------                                                                                                                                                                                                                                                                                   
allen      SALES                                                                                                                                                                                                                                                                                            
           OPERATIONS                                                                                                                                                                                                                                                                                       
           s                                                                                                                                                                                                                                                                                                
           ee                                                                                                                                                                                                                                                                                               
           sdf                                                                                                                                                                                                                                                                                              
Test                                                                                                                                                                                                                                                                                                        

17 rows selected.

SQL> SELECT ename,dname FROM employee emp, dept d
  2  	WHERE emp.deptno(+)=d.deptno(+);
	WHERE emp.deptno(+)=d.deptno(+)
	                   *
ERROR at line 2:
ORA-01468: a predicate may reference only one outer-joined table 


SQL> SELECT ename,dname FROM employee CROSS JOIN dept;

ENAME      DNAME                                                                                                                                                                                                                                                                                            
---------- --------------                                                                                                                                                                                                                                                                                   
Test       Test                                                                                                                                                                                                                                                                                             
Test       HR                                                                                                                                                                                                                                                                                               
Test       nb                                                                                                                                                                                                                                                                                               
Test       gh                                                                                                                                                                                                                                                                                               
Test       ACCOUNTING                                                                                                                                                                                                                                                                                       
Test       RESEARCH                                                                                                                                                                                                                                                                                         
Test       SALES                                                                                                                                                                                                                                                                                            
Test       OPERATIONS                                                                                                                                                                                                                                                                                       
Test       s                                                                                                                                                                                                                                                                                                
Test       ee                                                                                                                                                                                                                                                                                               
Test       sdf                                                                                                                                                                                                                                                                                              

ENAME      DNAME                                                                                                                                                                                                                                                                                            
---------- --------------                                                                                                                                                                                                                                                                                   
king       Test                                                                                                                                                                                                                                                                                             
king       HR                                                                                                                                                                                                                                                                                               
king       nb                                                                                                                                                                                                                                                                                               
king       gh                                                                                                                                                                                                                                                                                               
king       ACCOUNTING                                                                                                                                                                                                                                                                                       
king       RESEARCH                                                                                                                                                                                                                                                                                         
king       SALES                                                                                                                                                                                                                                                                                            
king       OPERATIONS                                                                                                                                                                                                                                                                                       
king       s                                                                                                                                                                                                                                                                                                
king       ee                                                                                                                                                                                                                                                                                               
king       sdf                                                                                                                                                                                                                                                                                              

ENAME      DNAME                                                                                                                                                                                                                                                                                            
---------- --------------                                                                                                                                                                                                                                                                                   
blake      Test                                                                                                                                                                                                                                                                                             
blake      HR                                                                                                                                                                                                                                                                                               
blake      nb                                                                                                                                                                                                                                                                                               
blake      gh                                                                                                                                                                                                                                                                                               
blake      ACCOUNTING                                                                                                                                                                                                                                                                                       
blake      RESEARCH                                                                                                                                                                                                                                                                                         
blake      SALES                                                                                                                                                                                                                                                                                            
blake      OPERATIONS                                                                                                                                                                                                                                                                                       
blake      s                                                                                                                                                                                                                                                                                                
blake      ee                                                                                                                                                                                                                                                                                               
blake      sdf                                                                                                                                                                                                                                                                                              

ENAME      DNAME                                                                                                                                                                                                                                                                                            
---------- --------------                                                                                                                                                                                                                                                                                   
clark      Test                                                                                                                                                                                                                                                                                             
clark      HR                                                                                                                                                                                                                                                                                               
clark      nb                                                                                                                                                                                                                                                                                               
clark      gh                                                                                                                                                                                                                                                                                               
clark      ACCOUNTING                                                                                                                                                                                                                                                                                       
clark      RESEARCH                                                                                                                                                                                                                                                                                         
clark      SALES                                                                                                                                                                                                                                                                                            
clark      OPERATIONS                                                                                                                                                                                                                                                                                       
clark      s                                                                                                                                                                                                                                                                                                
clark      ee                                                                                                                                                                                                                                                                                               
clark      sdf                                                                                                                                                                                                                                                                                              

ENAME      DNAME                                                                                                                                                                                                                                                                                            
---------- --------------                                                                                                                                                                                                                                                                                   
allen      Test                                                                                                                                                                                                                                                                                             
allen      HR                                                                                                                                                                                                                                                                                               
allen      nb                                                                                                                                                                                                                                                                                               
allen      gh                                                                                                                                                                                                                                                                                               
allen      ACCOUNTING                                                                                                                                                                                                                                                                                       
allen      RESEARCH                                                                                                                                                                                                                                                                                         
allen      SALES                                                                                                                                                                                                                                                                                            
allen      OPERATIONS                                                                                                                                                                                                                                                                                       
allen      s                                                                                                                                                                                                                                                                                                
allen      ee                                                                                                                                                                                                                                                                                               
allen      sdf                                                                                                                                                                                                                                                                                              

ENAME      DNAME                                                                                                                                                                                                                                                                                            
---------- --------------                                                                                                                                                                                                                                                                                   
ward       Test                                                                                                                                                                                                                                                                                             
ward       HR                                                                                                                                                                                                                                                                                               
ward       nb                                                                                                                                                                                                                                                                                               
ward       gh                                                                                                                                                                                                                                                                                               
ward       ACCOUNTING                                                                                                                                                                                                                                                                                       
ward       RESEARCH                                                                                                                                                                                                                                                                                         
ward       SALES                                                                                                                                                                                                                                                                                            
ward       OPERATIONS                                                                                                                                                                                                                                                                                       
ward       s                                                                                                                                                                                                                                                                                                
ward       ee                                                                                                                                                                                                                                                                                               
ward       sdf                                                                                                                                                                                                                                                                                              

ENAME      DNAME                                                                                                                                                                                                                                                                                            
---------- --------------                                                                                                                                                                                                                                                                                   
jones      Test                                                                                                                                                                                                                                                                                             
jones      HR                                                                                                                                                                                                                                                                                               
jones      nb                                                                                                                                                                                                                                                                                               
jones      gh                                                                                                                                                                                                                                                                                               
jones      ACCOUNTING                                                                                                                                                                                                                                                                                       
jones      RESEARCH                                                                                                                                                                                                                                                                                         
jones      SALES                                                                                                                                                                                                                                                                                            
jones      OPERATIONS                                                                                                                                                                                                                                                                                       
jones      s                                                                                                                                                                                                                                                                                                
jones      ee                                                                                                                                                                                                                                                                                               
jones      sdf                                                                                                                                                                                                                                                                                              

ENAME      DNAME                                                                                                                                                                                                                                                                                            
---------- --------------                                                                                                                                                                                                                                                                                   
martin     Test                                                                                                                                                                                                                                                                                             
martin     HR                                                                                                                                                                                                                                                                                               
martin     nb                                                                                                                                                                                                                                                                                               
martin     gh                                                                                                                                                                                                                                                                                               
martin     ACCOUNTING                                                                                                                                                                                                                                                                                       
martin     RESEARCH                                                                                                                                                                                                                                                                                         
martin     SALES                                                                                                                                                                                                                                                                                            
martin     OPERATIONS                                                                                                                                                                                                                                                                                       
martin     s                                                                                                                                                                                                                                                                                                
martin     ee                                                                                                                                                                                                                                                                                               
martin     sdf                                                                                                                                                                                                                                                                                              

ENAME      DNAME                                                                                                                                                                                                                                                                                            
---------- --------------                                                                                                                                                                                                                                                                                   
scott      Test                                                                                                                                                                                                                                                                                             
scott      HR                                                                                                                                                                                                                                                                                               
scott      nb                                                                                                                                                                                                                                                                                               
scott      gh                                                                                                                                                                                                                                                                                               
scott      ACCOUNTING                                                                                                                                                                                                                                                                                       
scott      RESEARCH                                                                                                                                                                                                                                                                                         
scott      SALES                                                                                                                                                                                                                                                                                            
scott      OPERATIONS                                                                                                                                                                                                                                                                                       
scott      s                                                                                                                                                                                                                                                                                                
scott      ee                                                                                                                                                                                                                                                                                               
scott      sdf                                                                                                                                                                                                                                                                                              

99 rows selected.

SQL> spool off
